Date,Facebook,Twitter,Instagram,Google+,YouTube,reddit,Device
2009-04,12.89,6.69,0.0,0.0,0.0,9.83,all
2009-05,15.88,10.45,0.0,0.0,0.0,9.1,all
2009-06,17.02,11.25,0.0,0.0,0.0,14.8,all
2009-07,19.08,10.55,0.0,0.0,0.0,11.64,all
2009-08,24.45,11.37,0.0,0.0,0.0,11.85,all
2009-09,27.51,11.45,0.0,0.0,0.14,7.14,all
2009-10,26.16,8.99,0.0,0.0,8.02,7.51,all
2009-11,32.61,7.63,0.0,0.0,7.41,7.86,all
2009-12,50.27,5.74,0.0,0.0,5.77,5.84,all
2010-01,48.04,5.96,0.0,0.0,4.83,5.77,all
2010-02,40.45,7.71,0.0,0.0,5.04,5.28,all
2010-03,30.93,8.74,0.0,0.0,4.41,6.31,all
2010-04,35.18,7.38,0.0,0.0,3.13,5.48,all
2010-05,39.62,6.84,0.0,0.0,3.46,5.89,all
2010-06,47.06,5.34,0.0,0.0,3.6,4.59,all
2010-07,47.04,5.7,0.0,0.0,4.33,4.7,all
2010-08,51.8,5.58,0.0,0.0,4.3,4.69,all
2010-09,44.66,6.42,0.0,0.0,5.5,6.05,all
2010-10,43.2,6.25,0.0,0.0,5.54,5.52,all
2010-11,41.32,6.06,0.0,0.0,5.21,6.03,all
2010-12,44.38,6.03,0.0,0.0,5.58,5.65,all
2011-01,48.26,5.4,0.0,0.0,5.1,5.25,all
2011-02,43.09,5.84,0.0,0.0,4.78,4.85,all
2011-03,63.59,3.45,0.0,0.0,2.62,3.21,all
2011-04,68.87,2.3,0.0,0.0,2.07,1.94,all
2011-05,51.76,3.34,0.0,0.0,3.13,3.47,all
2011-06,48.26,3.77,0.0,0.0,3.6,3.81,all
2011-07,40.01,3.59,0.0,0.31,3.67,4.21,all
2011-08,39.26,2.66,0.0,0.17,3.18,3.61,all
2011-09,36.83,4.32,0.0,0.1,2.96,4.72,all
2011-10,34.52,4.44,0.0,0.07,2.91,5.1,all
2011-11,36.53,4.97,0.0,0.07,3.45,4.33,all
2011-12,44.93,5.06,0.0,0.01,6.86,5.13,all
2012-01,50.06,5.58,0.0,0.0,6.16,5.95,all
2012-02,50.55,5.87,0.0,0.0,6.42,6.65,all
2012-03,51.03,5.78,0.0,0.0,6.64,5.93,all
2012-04,52.44,5.51,0.0,0.0,5.84,4.32,all
2012-05,50.9,5.18,0.0,0.0,9.03,5.81,all
2012-06,46.62,5.04,0.0,0.0,13.86,5.12,all
2012-07,50.03,4.97,0.0,0.0,10.99,4.66,all
2012-08,50.73,4.82,0.0,0.0,9.1,4.62,all
2012-09,46.79,4.48,0.0,0.0,7.59,5.78,all
2012-10,44.61,5.48,0.0,0.0,6.68,6.11,all
2012-11,47.67,5.02,0.0,0.0,5.2,5.69,all
2012-12,50.08,5.95,0.0,0.0,2.45,4.92,all
2013-01,47.88,6.19,0.0,0.0,1.9,4.64,all
2013-02,46.89,6.83,0.0,0.17,2.16,4.47,all
2013-03,45.33,8.27,0.0,0.23,2.19,4.83,all
2013-04,50.17,8.42,0.0,0.25,1.59,4.93,all
2013-05,53.15,8.47,0.0,0.19,1.94,5.49,all
2013-06,52.74,8.59,0.0,0.19,2.1,5.0,all
2013-07,49.07,9.76,0.0,0.22,1.91,4.64,all
2013-08,47.17,10.41,0.0,0.23,1.74,4.95,all
2013-09,44.5,11.17,0.0,0.24,1.54,5.59,all
2013-10,49.5,10.9,0.0,0.21,1.41,4.54,all
2013-11,50.11,7.0,0.0,0.17,0.99,3.02,all
2013-12,49.76,7.12,0.0,0.16,0.94,2.93,all
2014-01,51.93,5.83,0.0,0.16,0.83,3.0,all
2014-02,50.83,6.08,0.0,0.17,0.88,3.83,all
2014-03,50.44,6.45,0.0,0.18,0.73,3.22,all
2014-04,48.79,6.47,0.0,0.19,0.44,2.87,all
2014-05,48.69,6.75,0.0,0.19,0.72,3.3,all
2014-06,52.97,7.66,0.0,0.19,0.41,2.98,all
2014-07,51.86,8.94,0.0,0.24,0.6,3.29,all
2014-08,56.82,7.97,0.0,0.22,0.25,3.8,all
2014-09,61.4,7.03,0.0,0.18,0.37,4.66,all
2014-10,61.86,6.23,0.0,0.2,0.39,2.77,all
2014-11,64.34,5.27,0.0,0.19,0.17,2.52,all
2014-12,67.44,5.25,0.0,0.2,0.08,2.3,all
2015-01,68.09,4.53,0.0,0.21,0.04,2.13,all
2015-02,68.42,5.15,0.0,0.23,0.04,2.61,all
2015-03,71.23,4.42,0.0,0.23,0.04,2.69,all
2015-04,73.81,4.77,0.0,0.22,0.05,2.01,all
2015-05,73.11,4.77,0.0,0.27,0.06,2.2,all
2015-06,73.71,4.61,0.0,0.24,0.06,2.01,all
2015-07,71.59,5.08,0.0,0.25,0.08,2.31,all
2015-08,69.21,5.78,0.0,0.32,0.11,2.27,all
2015-09,69.32,5.86,0.0,0.35,0.1,2.48,all
2015-10,68.28,5.77,0.0,0.26,0.07,2.54,all
2015-11,68.94,5.18,0.0,0.25,0.12,2.39,all
2015-12,69.01,5.66,0.0,0.25,0.2,2.2,all
2016-01,70.56,5.21,0.0,0.24,0.26,1.83,all
2016-02,71.59,6.14,0.0,0.15,0.18,1.64,all
2016-03,73.35,6.62,0.0,0.16,0.28,2.08,all
2016-04,74.38,6.72,0.0,0.17,0.31,2.33,all
2016-05,69.26,6.45,0.0,0.16,0.25,1.93,all
2016-06,69.19,6.73,0.0,0.15,0.29,1.8,all
2016-07,69.55,6.51,0.0,0.12,0.21,1.52,all
2016-08,67.58,6.97,0.0,0.13,0.17,1.52,all
2016-09,67.83,6.7,0.0,0.11,0.1,1.54,all
2016-10,69.28,5.49,0.15,0.08,0.08,1.33,all
2016-11,71.99,4.74,0.75,0.07,0.09,1.03,all
2016-12,65.26,5.47,1.02,0.09,0.15,1.09,all
2017-01,68.83,5.44,0.82,0.08,0.14,1.05,all
2017-02,70.5,5.7,0.72,0.07,0.11,1.04,all
2017-03,74.83,5.27,0.77,0.06,0.08,0.99,all
2017-04,68.73,6.2,1.09,0.09,0.25,0.92,all
2017-05,74.3,6.68,0.73,0.08,0.45,0.94,all
2017-06,77.97,5.12,0.79,0.07,0.53,0.63,all
2017-07,75.09,5.76,0.98,0.06,0.78,0.63,all
2017-08,77.84,4.66,0.81,0.08,0.88,0.74,all
2017-09,74.96,4.75,1.08,0.11,0.79,1.19,all
2017-10,74.69,5.17,0.91,0.11,0.76,1.16,all
2017-11,72.05,5.17,1.35,0.07,1.07,0.87,all
2017-12,75.82,4.25,0.96,0.05,1.05,0.67,all
2018-01,76.66,4.04,1.2,0.05,0.99,0.59,all
2018-02,79.28,3.73,0.85,0.04,0.92,0.49,all
2018-03,63.83,5.87,1.56,0.1,1.76,0.88,all
2018-04,47.56,8.61,1.74,0.3,2.67,1.38,all
2018-05,48.79,8.12,1.96,0.13,2.3,1.0,all
2018-06,45.85,9.05,2.2,0.2,2.54,1.03,all
2018-07,52.33,7.56,1.92,0.13,2.03,0.66,all
2018-08,60.6,6.86,1.58,0.09,1.66,0.58,all
2018-09,58.53,9.91,1.55,0.08,1.49,0.58,all
2018-10,56.44,10.84,1.47,0.1,1.49,0.52,all
2018-11,57.82,6.91,1.83,0.14,1.65,0.67,all
2018-12,51.98,7.14,1.31,0.06,1.27,1.5,all
2019-01,47.82,9.07,1.24,0.08,1.3,3.84,all
2019-02,53.26,6.39,1.27,0.08,1.26,5.23,all
2019-03,48.89,7.53,1.87,0.07,1.31,2.15,all
2019-04,48.31,7.39,2.17,0.03,1.6,1.78,all
2019-05,46.25,7.94,1.77,0.0,1.41,11.9,all
2019-06,54.38,8.0,1.48,0.0,1.53,0.49,all
2019-07,50.87,7.81,1.87,0.0,1.6,0.56,all
2019-08,53.6,7.11,1.42,0.0,1.33,0.72,all
2019-09,55.75,7.82,2.98,0.0,1.25,0.45,all
2019-10,51.28,15.12,7.86,0.01,1.4,0.51,all
2019-11,49.67,17.28,8.23,0.0,1.29,0.45,all
2019-12,50.67,19.04,8.8,0.0,1.16,0.46,all
2020-01,42.33,23.47,10.86,0.01,1.32,0.51,all
2020-02,43.35,24.08,11.69,0.0,1.31,0.47,all
2020-03,42.08,25.69,13.57,0.0,1.34,0.45,all
2020-04,38.24,25.54,13.73,0.0,1.54,0.59,all
2020-05,55.89,9.01,1.41,0.0,1.82,0.71,all
2020-06,61.99,9.42,0.71,0.0,1.59,0.65,all
2020-07,61.34,10.55,0.84,0.01,1.73,0.69,all
2020-08,62.89,10.46,0.85,0.0,1.66,0.57,all
2020-09,63.39,10.84,0.94,0.0,1.67,0.58,all
2020-10,60.51,14.43,0.76,0.0,1.46,0.62,all
2020-11,51.72,21.96,1.41,0.0,1.44,0.49,all
2020-12,56.73,16.56,1.23,0.0,1.36,0.49,all
2021-01,60.68,14.47,1.56,0.0,1.56,0.65,all
2021-02,65.83,11.31,2.28,0.0,1.7,0.68,all
2021-03,65.8,10.45,2.79,0.0,1.7,0.66,all
2021-04,67.27,10.17,3.45,0.0,1.74,0.77,all
2021-05,71.78,9.15,3.28,0.0,1.63,0.77,all
2021-06,71.3,9.97,4.38,0.0,1.59,0.63,all
2021-07,76.16,7.76,3.54,0.0,1.36,0.78,all
2021-08,73.55,9.25,3.45,0.0,1.49,0.91,all
2021-09,68.86,10.3,4.66,0.0,1.64,1.01,all
2021-10,70.81,8.89,5.21,0.0,1.51,1.11,all
2021-11,66.72,10.99,5.92,0.0,1.6,1.62,all
2021-12,70.56,9.65,5.21,0.0,1.35,1.18,all
2022-01,73.78,8.32,5.58,0.0,1.42,1.07,all
2009-03,0.0,0.0,0.0,0.0,0.0,0.0,all
2012-08,79.24,1.65,0.0,0.0,12.37,1.93,console
2012-09,75.34,2.31,0.0,0.0,13.23,3.15,console
2012-10,57.16,6.23,0.0,0.0,26.7,3.18,console
2012-11,57.54,1.48,0.0,0.0,32.05,3.59,console
2012-12,56.82,2.62,0.0,0.0,31.12,4.51,console
2013-01,54.54,2.44,0.0,0.0,31.47,4.97,console
2013-02,58.45,1.87,0.0,0.16,28.24,5.25,console
2013-03,57.57,2.15,0.0,0.11,27.31,5.9,console
2013-04,64.4,1.86,0.0,0.11,20.24,6.57,console
2013-05,67.61,1.97,0.0,0.02,16.99,6.5,console
2013-06,65.97,1.93,0.0,0.06,19.78,6.56,console
2013-07,58.59,2.08,0.0,0.03,25.45,6.8,console
2013-08,59.54,2.74,0.0,0.03,25.43,7.61,console
2013-09,59.06,2.41,0.0,0.02,22.66,10.23,console
2013-10,54.45,0.97,0.0,0.03,21.88,10.49,console
2013-11,40.91,0.73,0.0,0.05,13.0,4.99,console
2013-12,42.56,2.42,0.0,0.02,9.63,9.02,console
2014-01,36.75,1.99,0.0,0.05,11.02,12.53,console
2014-02,31.78,1.53,0.0,0.06,7.04,29.76,console
2014-03,38.24,1.84,0.0,0.08,7.66,15.38,console
2014-04,40.05,1.52,0.0,0.07,7.53,9.06,console
2014-05,40.67,1.71,0.0,0.07,7.31,9.02,console
2014-06,31.69,3.85,0.0,0.17,9.09,11.82,console
2014-07,31.29,4.51,0.0,0.15,10.87,13.27,console
2014-08,31.48,4.98,0.0,0.25,11.51,13.69,console
2014-09,32.95,2.9,0.0,0.15,7.98,21.78,console
2014-10,35.75,3.12,0.0,0.23,8.59,16.26,console
2014-11,35.1,2.91,0.0,0.14,8.04,16.84,console
2014-12,35.62,3.53,0.0,0.56,8.45,16.7,console
2015-01,34.19,3.98,0.0,0.41,7.95,16.96,console
2015-02,34.93,3.81,0.0,0.34,6.45,19.96,console
2015-03,36.8,3.31,0.0,0.18,7.42,19.25,console
2015-04,36.42,3.91,0.0,0.37,7.45,19.38,console
2015-05,34.64,4.23,0.0,0.38,7.05,20.37,console
2015-06,35.06,3.99,0.0,0.46,8.7,18.55,console
2015-07,32.06,4.45,0.0,0.24,7.25,20.67,console
2015-08,32.13,4.2,0.0,0.25,7.78,19.44,console
2015-09,30.81,5.6,0.0,0.33,5.61,16.34,console
2015-10,31.08,4.95,0.0,0.25,5.46,14.42,console
2015-11,23.03,4.69,0.0,0.22,5.08,36.14,console
2015-12,19.94,3.76,0.0,0.28,3.41,48.09,console
2016-01,20.26,4.25,0.0,0.51,2.81,50.0,console
2016-02,25.34,4.18,0.0,0.41,1.36,42.15,console
2016-03,28.98,4.55,0.0,0.32,1.23,32.65,console
2016-04,27.32,4.15,0.0,0.32,1.87,33.91,console
2016-05,28.39,4.04,0.0,0.38,2.24,36.24,console
2016-06,27.63,5.59,0.0,0.5,4.05,30.01,console
2016-07,30.92,5.65,0.0,0.39,3.66,23.94,console
2016-08,30.43,7.68,0.0,0.65,2.74,20.77,console
2016-09,21.76,5.04,0.0,0.32,2.41,46.07,console
2016-10,19.47,4.02,0.05,0.22,1.7,56.02,console
2016-11,18.55,6.85,0.3,0.28,3.47,45.95,console
2016-12,29.83,12.02,11.62,0.39,3.33,12.35,console
2017-01,25.62,11.09,0.21,1.85,2.07,21.45,console
2017-02,30.24,9.52,0.26,2.29,3.01,17.96,console
2017-03,66.92,2.53,0.18,0.85,0.83,12.38,console
2017-04,44.12,3.81,0.36,1.71,0.26,27.04,console
2017-05,48.51,2.4,0.56,1.36,0.17,34.84,console
2017-06,96.0,0.22,0.01,0.13,0.04,2.55,console
2017-07,94.45,0.55,0.02,0.55,0.05,2.97,console
2017-08,93.95,0.26,0.01,0.11,0.08,4.52,console
2017-09,27.02,0.81,0.61,0.31,0.29,68.37,console
2017-10,11.42,0.64,2.25,0.1,0.28,82.92,console
2017-11,22.66,1.43,0.09,0.21,0.64,70.42,console
2017-12,20.16,5.18,0.14,0.62,4.12,59.47,console
2018-01,31.5,7.43,5.26,2.73,5.69,42.15,console
2018-02,4.87,5.32,0.29,0.22,1.49,78.79,console
2018-03,3.16,2.41,0.16,0.28,1.36,85.32,console
2018-04,5.52,3.51,0.37,0.52,3.18,71.87,console
2018-05,2.88,7.02,0.18,0.31,3.53,78.14,console
2018-06,4.67,4.73,0.49,0.51,2.05,79.98,console
2018-07,15.88,15.71,0.96,0.99,7.2,35.57,console
2018-08,57.89,5.17,0.33,0.44,3.41,25.06,console
2018-09,31.68,1.35,0.09,0.06,0.83,63.9,console
2018-10,39.5,8.47,0.49,0.67,4.35,30.35,console
2018-11,4.9,71.36,1.18,0.04,0.59,19.34,console
2018-12,8.38,7.45,0.48,0.23,2.85,69.23,console
2019-01,6.51,7.32,0.15,0.21,1.38,78.44,console
2019-02,13.83,15.31,0.33,0.47,4.03,48.54,console
2019-03,12.31,12.54,0.38,0.71,2.89,60.5,console
2019-04,1.73,3.19,0.59,0.01,1.1,90.36,console
2019-05,10.27,17.77,3.31,0.0,11.02,47.26,console
2019-06,9.05,15.91,2.82,0.04,12.0,52.3,console
2019-07,9.69,17.67,2.19,0.0,31.34,28.08,console
2019-08,5.5,3.36,0.31,0.0,0.88,84.48,console
2019-09,6.52,5.38,1.6,0.0,1.58,80.55,console
2019-10,25.84,33.91,15.52,0.03,2.77,12.78,console
2019-11,11.24,37.74,19.77,0.0,3.21,19.91,console
2019-12,10.52,41.32,18.95,0.01,2.75,19.26,console
2020-01,12.07,43.06,17.07,0.01,2.07,19.43,console
2020-02,13.14,43.6,16.96,0.01,9.45,11.9,console
2020-03,6.7,40.22,17.44,0.0,22.58,7.45,console
2020-04,8.24,34.08,19.86,0.0,22.79,9.12,console
2020-05,25.99,16.15,1.76,0.0,6.0,29.81,console
2020-06,27.45,10.64,1.6,0.0,4.35,29.69,console
2020-07,29.66,11.84,1.66,0.0,5.69,28.17,console
2020-08,25.46,11.32,1.89,0.0,5.43,35.69,console
2020-09,25.07,9.7,3.99,0.0,5.47,33.25,console
2020-10,9.12,5.28,1.65,0.0,1.36,73.46,console
2020-11,23.85,19.6,1.93,0.0,2.75,27.19,console
2020-12,31.46,21.2,2.0,0.0,5.89,18.77,console
2021-01,20.29,15.17,1.46,0.0,5.32,35.95,console
2021-02,23.43,10.86,1.9,0.0,3.22,35.38,console
2021-03,30.71,9.95,1.42,0.0,2.51,39.24,console
2021-04,22.75,10.71,1.71,0.0,4.01,45.24,console
2021-05,8.47,3.78,1.33,0.0,2.32,78.1,console
2021-06,11.16,4.85,1.78,0.0,2.91,67.25,console
2021-07,25.82,9.97,3.01,0.0,4.17,37.16,console
2021-08,25.71,9.61,2.76,0.0,14.17,30.51,console
2021-09,26.59,10.25,2.65,0.0,7.51,41.34,console
2021-10,21.14,53.62,1.94,0.0,2.69,14.34,console
2021-11,21.71,32.39,2.12,0.0,3.35,24.01,console
2021-12,35.69,12.72,1.45,0.0,2.6,38.15,console
2022-01,45.23,18.86,2.95,0.0,3.41,19.09,console
2009-03,0.0,0.0,0.0,0.0,0.0,0.0,console
2009-04,0.0,0.0,0.0,0.0,0.0,0.0,console
2009-05,0.0,0.0,0.0,0.0,0.0,0.0,console
2009-06,0.0,0.0,0.0,0.0,0.0,0.0,console
2009-07,0.0,0.0,0.0,0.0,0.0,0.0,console
2009-08,0.0,0.0,0.0,0.0,0.0,0.0,console
2009-09,0.0,0.0,0.0,0.0,0.0,0.0,console
2009-10,0.0,0.0,0.0,0.0,0.0,0.0,console
2009-11,0.0,0.0,0.0,0.0,0.0,0.0,console
2009-12,0.0,0.0,0.0,0.0,0.0,0.0,console
2010-01,0.0,0.0,0.0,0.0,0.0,0.0,console
2010-02,0.0,0.0,0.0,0.0,0.0,0.0,console
2010-03,0.0,0.0,0.0,0.0,0.0,0.0,console
2010-04,0.0,0.0,0.0,0.0,0.0,0.0,console
2010-05,0.0,0.0,0.0,0.0,0.0,0.0,console
2010-06,0.0,0.0,0.0,0.0,0.0,0.0,console
2010-07,0.0,0.0,0.0,0.0,0.0,0.0,console
2010-08,0.0,0.0,0.0,0.0,0.0,0.0,console
2010-09,0.0,0.0,0.0,0.0,0.0,0.0,console
2010-10,0.0,0.0,0.0,0.0,0.0,0.0,console
2010-11,0.0,0.0,0.0,0.0,0.0,0.0,console
2010-12,0.0,0.0,0.0,0.0,0.0,0.0,console
2011-01,0.0,0.0,0.0,0.0,0.0,0.0,console
2011-02,0.0,0.0,0.0,0.0,0.0,0.0,console
2011-03,0.0,0.0,0.0,0.0,0.0,0.0,console
2011-04,0.0,0.0,0.0,0.0,0.0,0.0,console
2011-05,0.0,0.0,0.0,0.0,0.0,0.0,console
2011-06,0.0,0.0,0.0,0.0,0.0,0.0,console
2011-07,0.0,0.0,0.0,0.0,0.0,0.0,console
2011-08,0.0,0.0,0.0,0.0,0.0,0.0,console
2011-09,0.0,0.0,0.0,0.0,0.0,0.0,console
2011-10,0.0,0.0,0.0,0.0,0.0,0.0,console
2011-11,0.0,0.0,0.0,0.0,0.0,0.0,console
2011-12,0.0,0.0,0.0,0.0,0.0,0.0,console
2012-01,0.0,0.0,0.0,0.0,0.0,0.0,console
2012-02,0.0,0.0,0.0,0.0,0.0,0.0,console
2012-03,0.0,0.0,0.0,0.0,0.0,0.0,console
2012-04,0.0,0.0,0.0,0.0,0.0,0.0,console
2012-05,0.0,0.0,0.0,0.0,0.0,0.0,console
2012-06,0.0,0.0,0.0,0.0,0.0,0.0,console
2012-07,0.0,0.0,0.0,0.0,0.0,0.0,console
2010-01,48.03,5.86,0.0,0.0,4.83,5.75,desktop
2010-02,40.42,7.59,0.0,0.0,5.05,5.27,desktop
2010-03,30.79,8.59,0.0,0.0,4.43,6.31,desktop
2010-04,34.86,7.3,0.0,0.0,3.15,5.49,desktop
2010-05,39.24,6.75,0.0,0.0,3.48,5.92,desktop
2010-06,46.75,5.3,0.0,0.0,3.62,4.6,desktop
2010-07,46.83,5.64,0.0,0.0,4.36,4.71,desktop
2010-08,51.64,5.52,0.0,0.0,4.33,4.7,desktop
2010-09,44.63,6.38,0.0,0.0,5.58,6.09,desktop
2010-10,43.07,6.23,0.0,0.0,5.63,5.57,desktop
2010-11,41.3,5.99,0.0,0.0,5.28,6.07,desktop
2010-12,44.35,5.92,0.0,0.0,5.63,5.65,desktop
2011-01,47.44,5.31,0.0,0.0,5.2,5.3,desktop
2011-02,42.6,5.7,0.0,0.0,4.83,4.86,desktop
2011-03,63.56,3.35,0.0,0.0,2.62,3.2,desktop
2011-04,68.69,2.24,0.0,0.0,2.08,1.94,desktop
2011-05,50.85,3.31,0.0,0.0,3.19,3.51,desktop
2011-06,47.13,3.77,0.0,0.0,3.67,3.86,desktop
2011-07,39.32,3.61,0.0,0.32,3.74,4.26,desktop
2011-08,38.8,2.54,0.0,0.18,3.28,3.67,desktop
2011-09,35.99,3.92,0.0,0.11,3.1,4.85,desktop
2011-10,33.4,4.07,0.0,0.07,3.06,5.3,desktop
2011-11,35.91,4.49,0.0,0.07,3.69,4.52,desktop
2011-12,44.14,4.56,0.0,0.01,7.41,5.38,desktop
2012-01,48.1,5.2,0.0,0.0,6.85,6.45,desktop
2012-02,47.74,5.49,0.0,0.0,7.24,7.37,desktop
2012-03,48.78,5.35,0.0,0.0,7.36,6.44,desktop
2012-04,50.44,5.1,0.0,0.0,6.51,4.69,desktop
2012-05,48.86,4.67,0.0,0.0,9.87,6.21,desktop
2012-06,44.4,4.46,0.0,0.0,14.99,5.39,desktop
2012-07,46.11,4.32,0.0,0.0,12.39,5.09,desktop
2012-08,48.17,4.46,0.0,0.0,11.26,5.37,desktop
2012-09,47.96,4.09,0.0,0.0,9.85,7.07,desktop
2012-10,47.29,4.48,0.0,0.0,8.73,7.53,desktop
2012-11,50.71,4.17,0.0,0.0,7.04,7.29,desktop
2012-12,53.47,4.48,0.0,0.0,3.49,6.72,desktop
2013-01,53.15,4.6,0.0,0.01,2.8,6.59,desktop
2013-02,54.09,4.91,0.0,0.24,3.24,6.4,desktop
2013-03,51.7,6.86,0.0,0.32,3.36,7.07,desktop
2013-04,55.97,6.33,0.0,0.33,2.35,6.91,desktop
2013-05,57.04,5.59,0.0,0.25,3.04,8.08,desktop
2013-06,57.38,6.28,0.0,0.26,3.41,7.58,desktop
2013-07,54.45,8.02,0.0,0.31,3.17,7.26,desktop
2013-08,52.01,8.96,0.0,0.31,2.77,7.51,desktop
2013-09,50.33,10.36,0.0,0.33,2.45,8.48,desktop
2013-10,54.68,10.43,0.0,0.27,2.16,6.53,desktop
2013-11,49.62,5.82,0.0,0.22,1.58,4.48,desktop
2013-12,46.75,5.58,0.0,0.23,1.63,4.75,desktop
2014-01,50.67,4.52,0.0,0.24,1.43,4.92,desktop
2014-02,45.58,4.55,0.0,0.25,1.63,6.59,desktop
2014-03,45.18,5.12,0.0,0.27,1.38,5.78,desktop
2014-04,46.77,4.69,0.0,0.27,0.75,4.97,desktop
2014-05,45.35,5.03,0.0,0.26,1.32,5.76,desktop
2014-06,46.42,7.5,0.0,0.26,0.79,5.64,desktop
2014-07,49.97,8.46,0.0,0.34,1.24,6.33,desktop
2014-08,54.21,7.03,0.0,0.33,0.53,7.92,desktop
2014-09,55.62,8.34,0.0,0.28,0.86,8.7,desktop
2014-10,57.04,6.98,0.0,0.3,0.94,5.87,desktop
2014-11,58.12,5.91,0.0,0.3,0.45,6.29,desktop
2014-12,57.27,7.13,0.0,0.3,0.19,6.3,desktop
2015-01,59.7,5.15,0.0,0.3,0.08,5.91,desktop
2015-02,62.71,5.37,0.0,0.31,0.1,7.0,desktop
2015-03,62.13,4.63,0.0,0.29,0.11,7.38,desktop
2015-04,65.49,5.45,0.0,0.28,0.15,5.75,desktop
2015-05,64.61,5.14,0.0,0.39,0.18,5.84,desktop
2015-06,65.19,5.04,0.0,0.32,0.2,5.95,desktop
2015-07,63.74,5.35,0.0,0.3,0.24,6.67,desktop
2015-08,60.86,6.59,0.0,0.38,0.33,6.27,desktop
2015-09,61.54,6.69,0.0,0.46,0.29,6.76,desktop
2015-10,60.99,6.53,0.0,0.33,0.19,6.49,desktop
2015-11,61.79,6.24,0.0,0.33,0.37,6.44,desktop
2015-12,60.85,8.54,0.0,0.33,0.61,5.63,desktop
2016-01,63.55,7.62,0.0,0.4,0.81,4.76,desktop
2016-02,62.45,9.8,0.0,0.3,0.59,4.35,desktop
2016-03,60.16,8.89,0.0,0.36,0.87,5.22,desktop
2016-04,60.64,9.43,0.0,0.39,0.98,5.8,desktop
2016-05,62.3,8.86,0.0,0.38,0.89,5.35,desktop
2016-06,61.77,8.71,0.0,0.4,1.04,5.53,desktop
2016-07,62.49,8.7,0.0,0.28,0.79,4.94,desktop
2016-08,63.12,8.94,0.0,0.29,0.57,4.48,desktop
2016-09,62.95,9.17,0.0,0.28,0.32,4.75,desktop
2016-10,60.27,7.75,0.03,0.24,0.36,5.25,desktop
2016-11,62.91,6.91,0.18,0.23,0.42,4.27,desktop
2016-12,56.5,8.78,0.23,0.3,0.66,4.32,desktop
2017-01,59.93,8.22,0.46,0.28,0.62,4.45,desktop
2017-02,63.21,7.72,0.27,0.25,0.44,4.41,desktop
2017-03,68.24,6.64,0.22,0.23,0.3,4.33,desktop
2017-04,57.94,9.36,0.33,0.36,1.03,4.07,desktop
2017-05,61.17,8.91,0.31,0.26,1.28,3.99,desktop
2017-06,74.63,5.83,0.2,0.19,1.5,2.48,desktop
2017-07,74.8,6.66,0.18,0.15,1.6,2.24,desktop
2017-08,74.96,5.41,0.17,0.29,1.73,2.89,desktop
2017-09,77.35,4.62,0.2,0.29,1.38,3.56,desktop
2017-10,85.15,2.81,0.1,0.2,0.89,2.34,desktop
2017-11,84.55,2.99,0.17,0.12,1.24,1.84,desktop
2017-12,87.84,2.56,0.11,0.08,1.19,1.32,desktop
2018-01,90.31,2.13,0.12,0.06,0.8,0.94,desktop
2018-02,91.65,1.81,0.17,0.04,0.6,0.72,desktop
2018-03,80.05,3.89,0.35,0.15,1.74,1.82,desktop
2018-04,44.79,10.92,1.05,1.04,6.25,5.06,desktop
2018-05,44.14,10.15,0.9,0.37,4.85,3.97,desktop
2018-06,47.07,10.88,0.53,0.51,4.13,3.68,desktop
2018-07,43.41,9.57,0.42,0.31,2.51,1.7,desktop
2018-08,66.85,7.64,0.39,0.19,2.55,1.6,desktop
2018-09,58.58,18.06,0.31,0.16,2.22,1.49,desktop
2018-10,54.02,21.4,0.31,0.21,2.35,1.32,desktop
2018-11,57.76,9.26,0.33,0.35,3.43,2.01,desktop
2018-12,47.3,9.21,0.23,0.11,1.72,3.95,desktop
2019-01,42.56,13.79,0.33,0.14,1.79,11.76,desktop
2019-02,52.53,6.18,0.43,0.19,1.95,17.87,desktop
2019-03,43.26,8.82,0.44,0.19,2.5,6.76,desktop
2019-04,42.17,10.57,0.71,0.1,3.28,7.93,desktop
2019-05,31.81,7.55,0.46,0.0,1.8,39.3,desktop
2019-06,55.09,13.56,0.95,0.01,2.48,1.19,desktop
2019-07,56.42,10.78,0.93,0.0,2.96,1.62,desktop
2019-08,56.42,9.99,0.91,0.01,2.5,2.47,desktop
2019-09,56.05,10.08,1.18,0.0,2.46,1.39,desktop
2019-10,50.49,13.2,1.75,0.02,2.6,1.42,desktop
2019-11,47.99,14.29,1.48,0.01,2.68,1.34,desktop
2019-12,49.99,15.27,1.62,0.0,2.42,1.3,desktop
2020-01,30.04,22.63,2.05,0.05,3.06,1.38,desktop
2020-02,36.27,21.53,1.82,0.0,3.04,1.18,desktop
2020-03,32.69,24.05,2.26,0.0,3.65,1.21,desktop
2020-04,30.84,21.88,2.48,0.0,4.31,2.09,desktop
2020-05,32.86,13.73,0.46,0.0,4.16,3.21,desktop
2020-06,42.42,14.38,0.43,0.02,3.34,2.75,desktop
2020-07,40.73,15.8,0.48,0.03,3.66,2.83,desktop
2020-08,39.81,16.66,0.59,0.01,3.94,2.52,desktop
2020-09,38.65,18.13,0.65,0.01,4.08,2.5,desktop
2020-10,34.56,21.12,0.62,0.0,3.83,2.71,desktop
2020-11,29.14,27.21,0.7,0.01,3.56,2.2,desktop
2020-12,32.57,21.77,0.65,0.0,3.01,2.21,desktop
2021-01,30.71,19.36,0.74,0.0,3.6,3.19,desktop
2021-02,36.92,17.15,1.6,0.0,4.5,3.51,desktop
2021-03,34.74,17.01,1.02,0.0,4.73,3.67,desktop
2021-04,36.41,17.21,1.51,0.0,4.78,3.63,desktop
2021-05,36.93,18.3,1.08,0.0,5.17,4.24,desktop
2021-06,37.32,19.96,2.41,0.0,5.44,3.66,desktop
2021-07,42.55,17.19,1.1,0.0,4.76,4.24,desktop
2021-08,43.53,17.77,1.16,0.0,4.36,3.48,desktop
2021-09,43.02,16.49,1.42,0.0,4.24,3.49,desktop
2021-10,44.1,15.72,1.52,0.0,4.42,3.63,desktop
2021-11,40.15,17.03,1.51,0.0,5.1,4.13,desktop
2021-12,38.19,17.63,1.34,0.0,5.02,4.69,desktop
2012-09,21.27,1.58,0.0,0.0,0.44,2.54,tablet
2012-10,17.55,3.24,0.0,0.0,0.71,2.56,tablet
2012-11,19.26,2.9,0.0,0.0,0.67,2.26,tablet
2012-12,21.31,4.56,0.0,0.0,0.46,1.95,tablet
2013-01,20.94,4.92,0.0,0.0,0.37,1.86,tablet
2013-02,19.1,4.76,0.0,0.02,0.32,1.46,tablet
2013-03,19.99,4.98,0.0,0.05,0.31,1.57,tablet
2013-04,23.7,5.97,0.0,0.07,0.26,1.86,tablet
2013-05,26.84,6.33,0.0,0.05,0.26,2.22,tablet
2013-06,24.98,5.81,0.0,0.04,0.27,1.98,tablet
2013-07,23.61,5.74,0.0,0.06,0.31,1.8,tablet
2013-08,24.22,5.49,0.0,0.07,0.31,1.86,tablet
2013-09,23.3,5.29,0.0,0.07,0.23,2.13,tablet
2013-10,28.01,5.28,0.0,0.08,0.21,1.83,tablet
2013-11,31.65,4.25,0.0,0.07,0.19,1.38,tablet
2013-12,33.21,4.63,0.0,0.06,0.19,1.27,tablet
2014-01,35.14,3.95,0.0,0.05,0.19,1.18,tablet
2014-02,37.78,4.05,0.0,0.06,0.19,1.56,tablet
2014-03,37.31,4.18,0.0,0.06,0.21,1.26,tablet
2014-04,39.23,4.09,0.0,0.06,0.18,1.06,tablet
2014-05,41.1,4.15,0.0,0.08,0.18,1.33,tablet
2014-06,45.65,3.93,0.0,0.11,0.16,1.21,tablet
2014-07,43.46,4.42,0.0,0.13,0.13,1.34,tablet
2014-08,49.16,4.03,0.0,0.11,0.1,1.43,tablet
2014-09,52.77,3.35,0.0,0.1,0.07,2.32,tablet
2014-10,50.31,3.35,0.0,0.11,0.04,1.26,tablet
2014-11,51.8,2.81,0.0,0.1,0.03,1.03,tablet
2014-12,58.38,2.59,0.0,0.1,0.02,0.91,tablet
2015-01,61.46,2.35,0.0,0.1,0.03,0.76,tablet
2015-02,63.14,2.44,0.0,0.1,0.01,0.9,tablet
2015-03,65.76,2.3,0.0,0.11,0.02,0.97,tablet
2015-04,67.19,2.26,0.0,0.11,0.01,0.68,tablet
2015-05,68.37,2.13,0.0,0.11,0.01,0.71,tablet
2015-06,67.36,2.11,0.0,0.1,0.02,0.66,tablet
2015-07,66.16,2.21,0.0,0.11,0.02,0.75,tablet
2015-08,62.92,2.47,0.0,0.13,0.03,0.73,tablet
2015-09,62.39,2.55,0.0,0.13,0.02,0.75,tablet
2015-10,61.67,2.52,0.0,0.1,0.02,0.82,tablet
2015-11,60.35,2.32,0.0,0.08,0.03,0.79,tablet
2015-12,60.51,2.18,0.0,0.07,0.03,0.79,tablet
2016-01,62.79,2.08,0.0,0.06,0.03,0.66,tablet
2016-02,64.48,2.41,0.0,0.04,0.01,0.61,tablet
2016-03,68.88,2.98,0.0,0.04,0.01,0.86,tablet
2016-04,71.35,2.9,0.0,0.04,0.01,1.03,tablet
2016-05,62.25,2.82,0.0,0.04,0.01,0.87,tablet
2016-06,61.24,3.18,0.0,0.05,0.01,0.82,tablet
2016-07,61.98,3.25,0.0,0.05,0.01,0.77,tablet
2016-08,60.02,3.67,0.0,0.05,0.01,0.78,tablet
2016-09,58.19,3.76,0.0,0.05,0.02,0.85,tablet
2016-10,62.72,3.46,0.04,0.03,0.01,0.69,tablet
2016-11,67.02,3.05,0.11,0.02,0.01,0.56,tablet
2016-12,59.47,3.24,0.1,0.04,0.03,0.55,tablet
2017-01,64.75,3.13,0.08,0.03,0.04,0.48,tablet
2017-02,67.93,3.2,0.05,0.03,0.01,0.21,tablet
2017-03,71.78,3.18,0.05,0.03,0.01,0.22,tablet
2017-04,64.38,3.49,0.07,0.04,0.04,0.23,tablet
2017-05,68.61,4.04,0.05,0.04,0.24,0.26,tablet
2017-06,68.02,4.06,0.05,0.05,0.36,0.22,tablet
2017-07,72.11,3.74,0.04,0.03,0.61,0.18,tablet
2017-08,73.42,3.37,0.04,0.03,0.67,0.19,tablet
2017-09,69.43,3.45,0.05,0.03,0.53,0.21,tablet
2017-10,66.2,4.11,0.05,0.04,0.51,0.23,tablet
2017-11,61.51,4.26,0.06,0.04,0.65,0.22,tablet
2017-12,62.63,3.79,0.05,0.03,0.65,0.21,tablet
2018-01,55.57,4.53,0.07,0.04,0.83,0.25,tablet
2018-02,58.14,4.03,0.06,0.04,0.74,0.19,tablet
2018-03,54.99,3.64,0.06,0.07,0.8,0.19,tablet
2018-04,39.2,4.35,0.08,0.11,1.03,0.34,tablet
2018-05,39.24,5.14,0.1,0.08,1.03,0.3,tablet
2018-06,33.2,6.4,0.1,0.12,1.43,0.38,tablet
2018-07,44.07,5.36,0.08,0.05,1.29,0.33,tablet
2018-08,48.58,4.74,0.1,0.05,1.06,0.29,tablet
2018-09,47.56,5.53,0.09,0.04,0.83,0.26,tablet
2018-10,47.46,5.4,0.1,0.04,0.8,0.23,tablet
2018-11,45.54,6.11,0.11,0.04,0.67,0.25,tablet
2018-12,38.63,4.86,0.1,0.03,0.71,0.28,tablet
2019-01,34.67,5.09,0.1,0.03,0.73,0.23,tablet
2019-02,34.74,5.12,0.11,0.05,0.86,0.46,tablet
2019-03,33.28,5.18,0.11,0.04,0.8,0.93,tablet
2019-04,32.58,5.33,0.29,0.01,1.05,0.3,tablet
2019-05,36.58,6.5,0.15,0.0,1.04,0.81,tablet
2019-06,37.55,5.64,0.11,0.0,1.24,0.27,tablet
2019-07,34.96,5.83,0.1,0.0,1.12,0.23,tablet
2019-08,37.04,5.31,0.11,0.0,0.7,0.24,tablet
2019-09,39.86,5.12,0.18,0.0,0.7,0.21,tablet
2019-10,44.98,8.02,0.97,0.02,0.95,0.31,tablet
2019-11,51.2,7.2,1.04,0.0,0.79,0.26,tablet
2019-12,59.74,7.04,1.17,0.0,0.67,0.25,tablet
2020-01,59.75,7.91,1.5,0.02,1.0,0.33,tablet
2020-02,64.21,7.99,1.55,0.0,1.28,0.3,tablet
2020-03,66.97,6.74,1.99,0.0,1.58,0.29,tablet
2020-04,61.68,6.66,2.11,0.0,2.66,0.42,tablet
2020-05,62.75,4.29,0.25,0.0,1.5,0.25,tablet
2020-06,66.85,4.13,0.18,0.0,1.34,0.22,tablet
2020-07,66.88,5.05,0.23,0.0,1.34,0.25,tablet
2020-08,67.71,4.87,0.22,0.0,1.11,0.21,tablet
2020-09,69.4,5.16,0.24,0.0,1.07,0.19,tablet
2020-10,65.4,7.12,0.23,0.0,1.08,0.26,tablet
2020-11,63.25,9.32,0.44,0.0,1.08,0.17,tablet
2020-12,62.38,7.73,0.44,0.0,0.99,0.2,tablet
2021-01,66.15,5.87,0.57,0.0,1.25,0.25,tablet
2021-02,67.93,4.59,0.78,0.0,1.54,0.19,tablet
2021-03,70.0,3.8,0.97,0.0,1.84,0.19,tablet
2021-04,70.5,4.03,1.33,0.0,1.92,0.3,tablet
2021-05,72.97,3.94,1.42,0.0,2.09,0.35,tablet
2021-06,75.57,4.14,1.73,0.0,1.75,0.28,tablet
2021-07,78.89,3.45,1.31,0.0,1.38,0.29,tablet
2021-08,78.92,3.56,1.03,0.0,1.53,0.29,tablet
2021-09,79.32,3.43,1.29,0.0,1.29,0.26,tablet
2021-10,77.25,3.65,1.81,0.0,1.38,0.33,tablet
2021-11,75.28,4.47,2.1,0.0,1.66,0.5,tablet
2021-12,81.82,3.35,1.48,0.0,1.06,0.34,tablet
2009-04,18.27,23.64,0.0,0.0,0.0,20.6,mobile
2009-05,19.29,37.61,0.0,0.0,0.0,15.07,mobile
2009-06,19.32,35.45,0.0,0.0,0.0,21.03,mobile
2009-07,24.8,31.96,0.0,0.0,0.0,15.9,mobile
2009-08,31.7,28.85,0.0,0.0,0.0,21.5,mobile
2009-09,36.97,32.28,0.0,0.0,0.07,7.55,mobile
2009-10,39.47,25.84,0.0,0.0,4.46,10.28,mobile
2009-11,39.17,26.01,0.0,0.0,5.22,12.76,mobile
2009-12,40.06,22.93,0.0,0.0,5.47,11.84,mobile
2010-01,48.49,20.38,0.0,0.0,4.66,9.54,mobile
2010-02,44.78,22.88,0.0,0.0,3.73,6.32,mobile
2010-03,45.15,23.07,0.0,0.0,2.94,6.93,mobile
2010-04,58.21,13.62,0.0,0.0,1.64,4.34,mobile
2010-05,64.71,12.62,0.0,0.0,2.04,4.47,mobile
2010-06,68.47,8.46,0.0,0.0,2.0,3.64,mobile
2010-07,61.2,9.83,0.0,0.0,2.51,4.35,mobile
2010-08,62.22,9.53,0.0,0.0,2.32,4.01,mobile
2010-09,45.69,8.38,0.0,0.0,1.89,4.14,mobile
2010-10,48.52,7.29,0.0,0.0,1.86,3.36,mobile
2010-11,42.12,9.01,0.0,0.0,1.84,4.59,mobile
2010-12,45.89,11.94,0.0,0.0,3.02,5.56,mobile
2011-01,78.29,8.62,0.0,0.0,1.55,3.71,mobile
2011-02,70.03,13.24,0.0,0.0,2.2,4.1,mobile
2011-03,67.61,14.23,0.0,0.0,2.3,4.95,mobile
2011-04,82.5,7.04,0.0,0.0,1.31,2.21,mobile
2011-05,85.5,4.49,0.0,0.0,0.97,2.06,mobile
2011-06,86.21,3.86,0.0,0.0,1.05,2.17,mobile
2011-07,63.49,2.87,0.0,0.01,1.04,2.85,mobile
2011-08,51.56,5.9,0.0,0.01,0.67,1.97,mobile
2011-09,52.96,12.06,0.0,0.0,0.41,2.16,mobile
2011-10,52.43,10.38,0.0,0.0,0.36,2.0,mobile
2011-11,44.56,11.24,0.0,0.01,0.38,1.76,mobile
2011-12,54.3,10.99,0.0,0.0,0.34,2.15,mobile
2012-01,66.55,8.77,0.0,0.0,0.36,1.8,mobile
2012-02,71.25,8.67,0.0,0.0,0.35,1.37,mobile
2012-03,70.65,9.53,0.0,0.0,0.34,1.55,mobile
2012-04,68.93,8.89,0.0,0.0,0.3,1.24,mobile
2012-05,72.02,10.47,0.0,0.0,0.38,1.71,mobile
2012-06,72.95,11.97,0.0,0.0,0.46,1.95,mobile
2012-07,79.82,9.92,0.0,0.0,0.37,1.36,mobile
2012-08,70.93,7.95,0.0,0.0,0.24,1.1,mobile
2012-09,52.38,7.5,0.0,0.0,0.19,1.18,mobile
2012-10,44.98,10.93,0.0,0.0,0.23,1.38,mobile
2012-11,48.78,9.21,0.0,0.0,0.2,1.13,mobile
2012-12,51.22,10.75,0.0,0.0,0.18,0.85,mobile
2013-01,44.85,10.75,0.0,0.0,0.18,0.73,mobile
2013-02,41.9,13.06,0.0,0.06,0.19,0.88,mobile
2013-03,42.82,13.5,0.0,0.1,0.25,0.99,mobile
2013-04,47.07,15.38,0.0,0.12,0.16,0.98,mobile
2013-05,55.06,15.76,0.0,0.1,0.15,1.01,mobile
2013-06,54.66,14.5,0.0,0.08,0.15,0.91,mobile
2013-07,49.58,14.68,0.0,0.12,0.2,0.93,mobile
2013-08,47.58,15.73,0.0,0.14,0.24,1.02,mobile
2013-09,42.27,15.65,0.0,0.14,0.24,1.17,mobile
2013-10,46.58,14.41,0.0,0.14,0.15,1.04,mobile
2013-11,57.96,10.44,0.0,0.09,0.09,0.68,mobile
2013-12,60.29,10.46,0.0,0.07,0.09,0.58,mobile
2014-01,60.25,8.63,0.0,0.07,0.1,0.59,mobile
2014-02,62.51,8.86,0.0,0.09,0.09,0.87,mobile
2014-03,61.53,8.91,0.0,0.11,0.09,0.68,mobile
2014-04,55.06,9.83,0.0,0.12,0.09,0.56,mobile
2014-05,55.73,9.93,0.0,0.13,0.1,0.72,mobile
2014-06,62.29,8.98,0.0,0.13,0.08,0.65,mobile
2014-07,56.6,10.91,0.0,0.16,0.06,0.7,mobile
2014-08,61.82,10.18,0.0,0.15,0.04,0.78,mobile
2014-09,68.9,6.97,0.0,0.13,0.03,1.85,mobile
2014-10,68.66,6.39,0.0,0.14,0.04,0.74,mobile
2014-11,71.72,5.54,0.0,0.15,0.04,0.52,mobile
2014-12,75.2,4.94,0.0,0.18,0.03,0.53,mobile
2015-01,74.45,4.83,0.0,0.19,0.03,0.51,mobile
2015-02,73.21,5.85,0.0,0.23,0.01,0.67,mobile
2015-03,77.55,4.89,0.0,0.24,0.01,0.7,mobile
2015-04,79.81,5.08,0.0,0.23,0.01,0.46,mobile
2015-05,79.45,5.34,0.0,0.25,0.01,0.52,mobile
2015-06,79.79,5.12,0.0,0.24,0.01,0.43,mobile
2015-07,77.13,5.79,0.0,0.28,0.01,0.57,mobile
2015-08,75.7,6.32,0.0,0.35,0.01,0.52,mobile
2015-09,75.74,6.33,0.0,0.36,0.01,0.53,mobile
2015-10,74.43,6.24,0.0,0.26,0.01,0.72,mobile
2015-11,75.37,5.42,0.0,0.26,0.01,0.61,mobile
2015-12,75.88,5.04,0.0,0.25,0.02,0.68,mobile
2016-01,76.57,4.81,0.0,0.21,0.02,0.57,mobile
2016-02,78.28,5.22,0.0,0.11,0.01,0.48,mobile
2016-03,81.82,6.2,0.0,0.07,0.01,0.59,mobile
2016-04,82.62,6.09,0.0,0.08,0.01,0.7,mobile
2016-05,74.07,6.09,0.0,0.08,0.0,0.52,mobile
2016-06,74.16,6.55,0.0,0.06,0.0,0.3,mobile
2016-07,74.01,6.26,0.0,0.07,0.01,0.25,mobile
2016-08,71.35,6.7,0.0,0.07,0.01,0.24,mobile
2016-09,71.83,6.15,0.0,0.05,0.01,0.22,mobile
2016-10,73.53,5.14,0.22,0.03,0.0,0.16,mobile
2016-11,75.7,4.41,1.05,0.03,0.0,0.14,mobile
2016-12,69.14,4.88,1.45,0.03,0.01,0.18,mobile
2017-01,72.25,5.08,1.07,0.02,0.02,0.15,mobile
2017-02,73.29,5.57,1.0,0.02,0.02,0.16,mobile
2017-03,77.32,5.24,1.06,0.02,0.03,0.14,mobile
2017-04,72.49,5.77,1.48,0.02,0.07,0.15,mobile
2017-05,78.96,6.45,0.96,0.03,0.25,0.15,mobile
2017-06,80.19,5.04,1.06,0.03,0.25,0.11,mobile
2017-07,75.66,5.79,1.43,0.03,0.51,0.13,mobile
2017-08,79.42,4.63,1.14,0.02,0.64,0.12,mobile
2017-09,74.77,5.03,1.68,0.03,0.55,0.15,mobile
2017-10,66.84,7.54,1.8,0.04,0.69,0.18,mobile
2017-11,63.56,7.16,2.57,0.04,1.01,0.15,mobile
2017-12,67.34,5.85,1.87,0.03,1.0,0.15,mobile
2018-01,63.28,6.33,2.72,0.04,1.24,0.18,mobile
2018-02,64.05,6.62,2.04,0.04,1.43,0.16,mobile
2018-03,52.38,8.03,2.9,0.07,2.0,0.23,mobile
2018-04,49.94,8.5,2.26,0.08,1.68,0.24,mobile
2018-05,51.6,8.0,2.55,0.07,1.78,0.25,mobile
2018-06,47.45,8.9,3.05,0.11,2.21,0.28,mobile
2018-07,57.22,7.06,2.82,0.06,1.94,0.27,mobile
2018-08,60.22,6.91,2.24,0.06,1.44,0.26,mobile
2018-09,60.18,7.39,2.25,0.05,1.3,0.23,mobile
2018-10,58.79,7.31,2.16,0.06,1.24,0.24,mobile
2018-11,59.73,6.15,2.63,0.07,1.18,0.24,mobile
2018-12,56.52,6.31,2.09,0.04,1.09,0.29,mobile
2019-01,52.46,7.17,1.89,0.05,1.12,0.21,mobile
2019-02,56.04,6.65,1.78,0.04,1.01,0.43,mobile
2019-03,52.66,7.46,2.52,0.04,1.03,0.95,mobile
2019-04,52.0,6.82,2.79,0.01,1.23,0.29,mobile
2019-05,54.2,8.3,2.58,0.0,1.28,0.52,mobile
2019-06,56.26,6.43,1.83,0.0,1.24,0.27,mobile
2019-07,51.24,7.15,2.38,0.0,1.24,0.27,mobile
2019-08,54.96,6.5,1.74,0.0,1.07,0.25,mobile
2019-09,57.54,7.59,3.73,0.0,1.02,0.24,mobile
2019-10,51.86,15.99,9.61,0.01,1.18,0.33,mobile
2019-11,49.89,18.41,9.86,0.0,1.06,0.3,mobile
2019-12,50.27,20.33,10.41,0.0,0.98,0.33,mobile
2020-01,43.1,24.42,12.58,0.01,1.09,0.39,mobile
2020-02,43.25,25.29,13.62,0.0,1.07,0.38,mobile
2020-03,42.05,26.78,15.49,0.0,1.05,0.36,mobile
2020-04,38.1,26.94,15.79,0.0,1.11,0.4,mobile
2020-05,59.78,8.47,1.69,0.0,1.4,0.26,mobile
2020-06,65.62,8.78,0.8,0.0,1.26,0.26,mobile
2020-07,65.19,9.84,0.96,0.0,1.37,0.28,mobile
2020-08,67.03,9.61,0.94,0.0,1.26,0.21,mobile
2020-09,67.91,9.75,1.04,0.0,1.24,0.22,mobile
2020-10,65.18,13.57,0.82,0.0,1.03,0.23,mobile
2020-11,55.45,21.69,1.6,0.0,1.05,0.17,mobile
2020-12,61.09,16.03,1.39,0.0,1.06,0.17,mobile
2021-01,65.57,14.09,1.76,0.0,1.23,0.23,mobile
2021-02,70.78,10.63,2.48,0.0,1.22,0.21,mobile
2021-03,70.72,9.72,3.19,0.0,1.2,0.18,mobile
2021-04,72.76,9.18,3.9,0.0,1.18,0.27,mobile
2021-05,77.14,7.95,3.7,0.0,1.06,0.24,mobile
2021-06,76.28,8.7,4.79,0.0,1.0,0.18,mobile
2021-07,80.43,6.71,3.95,0.0,0.91,0.35,mobile
2021-08,77.79,8.23,3.89,0.0,1.06,0.55,mobile
2021-09,72.81,9.58,5.39,0.0,1.21,0.62,mobile
2021-10,74.59,8.07,5.91,0.0,1.07,0.76,mobile
2021-11,70.29,10.37,6.74,0.0,1.07,1.29,mobile
2021-12,74.0,8.96,5.87,0.0,0.92,0.78,mobile
2022-01,77.2,7.58,6.2,0.0,1.0,0.69,mobile
2009-03,0.0,0.0,0.0,0.0,0.0,0.0,mobile
