Date,Facebook,reddit,Tumblr,YouTube,Twitter,Pinterest,StumbleUpon,Instagram,Google+,VKontakte,NowPublic,Fark,Vimeo,LinkedIn,Other
2012-08,79.24,1.93,0,12.37,1.65,0.98,1.74,0,0,0,1.1,0.02,0.82,0.01,0.12
2012-09,75.34,3.15,0,13.23,2.31,1.22,2.97,0,0,0,1.1,0.05,0.45,0.01,0.17
2012-10,57.16,3.18,0,26.7,6.23,1.43,2.92,0,0,0,1.42,0.07,0.68,0.02,0.18
2012-11,57.54,3.59,0,32.05,1.48,1.05,1.96,0,0,0,0.72,0.14,1.09,0.03,0.36
2012-12,56.82,4.51,0,31.12,2.62,2.03,1.88,0,0,0,0.6,0.1,0.12,0.02,0.17
2013-01,54.54,4.97,0,31.47,2.44,3.79,1.76,0,0,0,0.62,0.11,0.06,0.04,0.2
2013-02,58.45,5.25,0,28.24,1.87,2.78,2.36,0,0.16,0.02,0.58,0.12,0.05,0.01,0.13
2013-03,57.57,5.9,0,27.31,2.15,4.02,2.03,0,0.11,0,0.53,0.19,0.03,0.06,0.11
2013-04,64.4,6.57,0,20.24,1.86,3.75,2.15,0,0.11,0.01,0.41,0.23,0.06,0.05,0.17
2013-05,67.61,6.5,0,16.99,1.97,3.45,2.13,0,0.02,0.12,0.46,0.12,0.24,0.08,0.31
2013-06,65.97,6.56,0,19.78,1.93,2.55,1.8,0,0.06,0.5,0.4,0.15,0.18,0.06,0.08
2013-07,58.59,6.8,0,25.45,2.08,1.66,2.01,0,0.03,0.14,0.48,0.14,0.19,2.37,0.07
2013-08,59.54,7.61,0,25.43,2.74,1.81,2,0,0.03,0.13,0.31,0.13,0.14,0.08,0.06
2013-09,59.06,10.23,0,22.66,2.41,1.72,1.99,0,0.02,0.07,0.25,0.08,0.11,1.39,0.03
2013-10,54.45,10.49,7.2,21.88,0.97,1.48,1.83,0,0.03,0.02,0.22,0.16,0.34,0.9,0.04
2013-11,40.91,4.99,37.36,13,0.73,1.53,0.99,0,0.05,0.01,0,0.04,0.32,0.03,0.05
2013-12,42.56,9.02,32.9,9.63,2.42,1.42,1.71,0,0.02,0.01,0,0.06,0.2,0.02,0.02
2014-01,36.75,12.53,33.44,11.02,1.99,1.72,2.22,0,0.05,0.01,0,0.02,0.19,0.03,0.03
2014-02,31.78,29.76,27.09,7.04,1.53,0.96,1.68,0,0.06,0.01,0,0,0.07,0,0.01
2014-03,38.24,15.38,33.41,7.66,1.84,1.39,1.8,0,0.08,0,0,0.05,0.08,0.05,0.03
2014-04,40.05,9.06,38.82,7.53,1.52,1.07,1.63,0,0.07,0.08,0,0.06,0.05,0.03,0.02
2014-05,40.67,9.02,37.32,7.31,1.71,1.05,2.56,0,0.07,0.06,0,0.06,0.13,0.04,0
2014-06,31.69,11.82,38.61,9.09,3.85,1.85,2.46,0,0.17,0.05,0,0.1,0.17,0.15,0.01
2014-07,31.29,13.27,35.29,10.87,4.51,2.13,2.16,0,0.15,0.02,0,0.07,0.19,0.05,0
2014-08,31.48,13.69,33.16,11.51,4.98,1.82,2.81,0,0.25,0.03,0,0.07,0.1,0.1,0.01
2014-09,32.95,21.78,30.08,7.98,2.9,1.97,1.96,0,0.15,0.03,0,0.04,0.12,0.03,0.02
2014-10,35.75,16.26,31.01,8.59,3.12,2.34,2.29,0,0.23,0.03,0,0.08,0.18,0.11,0
2014-11,35.1,16.84,31.7,8.04,2.91,1.88,3.09,0,0.14,0.1,0,0.05,0.08,0.06,0.01
2014-12,35.62,16.7,31.08,8.45,3.53,1.38,2.45,0,0.56,0.07,0,0.04,0.08,0.02,0.02
2015-01,34.19,16.96,31.82,7.95,3.98,1.78,2.55,0,0.41,0.27,0,0.05,0.02,0.01,0
2015-02,34.93,19.96,28.95,6.45,3.81,1.81,3.46,0,0.34,0.17,0,0.06,0.04,0,0.01
2015-03,36.8,19.25,28.33,7.42,3.31,1.39,3.02,0,0.18,0.21,0,0.06,0.01,0,0.02
2015-04,36.42,19.38,28.34,7.45,3.91,1.2,2.81,0,0.37,0.05,0,0.06,0,0,0.01
2015-05,34.64,20.37,30.49,7.05,4.23,1.18,1.55,0,0.38,0.05,0,0.01,0.01,0.02,0.02
2015-06,35.06,18.55,30.48,8.7,3.99,1.34,1.34,0,0.46,0.01,0,0.04,0,0.01,0.01
2015-07,32.06,20.67,32.2,7.25,4.45,1.31,1.61,0,0.24,0.07,0,0.04,0.02,0.06,0.03
2015-08,32.13,19.44,33.21,7.78,4.2,1.05,1.73,0,0.25,0.06,0,0.05,0,0.09,0.02
2015-09,30.81,16.34,36.5,5.61,5.6,1.46,2.03,0,0.33,0.06,0,0.04,0.01,1.2,0.01
2015-10,31.08,14.42,39.57,5.46,4.95,1.51,2.31,0,0.25,0.01,0,0.07,0.01,0.34,0.01
2015-11,23.03,36.14,28.32,5.08,4.69,1.3,1.1,0,0.22,0.08,0,0.01,0.02,0.01,0.01
2015-12,19.94,48.09,22.46,3.41,3.76,1.05,0.9,0,0.28,0.03,0,0.03,0.01,0,0.02
2016-01,20.26,50,20.11,2.81,4.25,1.1,0.88,0,0.51,0.01,0,0.04,0,0.01,0
2016-02,25.34,42.15,24.86,1.36,4.18,0.95,0.63,0,0.41,0,0,0.1,0,0.01,0.01
2016-03,28.98,32.65,30.44,1.23,4.55,1.06,0.63,0,0.32,0.05,0,0.08,0,0,0.01
2016-04,27.32,33.91,29.54,1.87,4.15,2,0.65,0,0.32,0.07,0,0.15,0,0,0
2016-05,28.39,36.24,25.95,2.24,4.04,1.75,0.8,0,0.38,0.06,0,0.13,0,0.02,0
2016-06,27.63,30.01,29.32,4.05,5.59,2.07,0.59,0,0.5,0.02,0,0.18,0,0.01,0.01
2016-07,30.92,23.94,31.96,3.66,5.65,2.16,0.66,0,0.39,0.08,0,0.39,0,0.18,0.01
2016-08,30.43,20.77,32.82,2.74,7.68,2.7,0.67,0,0.65,1.09,0,0.43,0,0.01,0.02
2016-09,21.76,46.07,21.71,2.41,5.04,1.73,0.67,0,0.32,0.12,0,0.15,0,0,0.01
2016-10,19.47,56.02,16.59,1.7,4.02,1.13,0.45,0.05,0.22,0.13,0,0.2,0,0,0.02
2016-11,18.55,45.95,21.51,3.47,6.85,1.47,0.91,0.3,0.28,0.41,0,0.25,0,0.01,0.02
2016-12,29.83,12.35,26.21,3.33,12.02,2.1,1.59,11.62,0.39,0.24,0,0.33,0,0,0
2017-01,25.62,21.45,32.84,2.07,11.09,2.47,1.57,0.21,1.85,0.59,0,0.19,0,0.01,0.02
2017-02,30.24,17.96,32,3.01,9.52,3.52,0.71,0.26,2.29,0.07,0,0.41,0,0,0.02
2017-03,66.92,12.38,11.21,0.83,2.53,3.47,1.29,0.18,0.85,0.12,0,0.23,0,0,0.01
2017-04,44.12,27.04,15.16,0.26,3.81,5.04,2.12,0.36,1.71,0.19,0,0.19,0,0,0.01
2017-05,48.51,34.84,7.45,0.17,2.4,3.5,0.59,0.56,1.36,0.44,0,0.17,0,0.02,0
2017-06,96,2.55,0.63,0.04,0.22,0.36,0.03,0.01,0.13,0.01,0,0.01,0,0,0
2017-07,94.45,2.97,0.83,0.05,0.55,0.49,0.07,0.02,0.55,0.01,0,0.02,0,0,0
2017-08,93.95,4.52,0.6,0.08,0.26,0.37,0.08,0.01,0.11,0.02,0,0.02,0,0,0
2017-09,27.02,68.37,1.53,0.29,0.81,0.77,0.17,0.61,0.31,0.09,0,0.02,0,0,0
2017-10,11.42,82.92,1.47,0.28,0.64,0.67,0.09,2.25,0.1,0.14,0,0.01,0,0,0
2017-11,22.66,70.42,2.53,0.64,1.43,1.37,0.22,0.09,0.21,0.4,0,0.01,0,0,0
2017-12,20.16,59.47,4.03,4.12,5.18,3.24,0.34,0.14,0.62,2.6,0,0.1,0,0,0.01
2018-01,31.5,42.15,2.33,5.69,7.43,1.42,0.19,5.26,2.73,1.22,0,0.07,0,0.01,0
2018-02,4.87,78.79,6.32,1.49,5.32,1.9,0.55,0.29,0.22,0.12,0,0.13,0,0.01,0
2018-03,3.16,85.32,4.63,1.36,2.41,2.07,0.55,0.16,0.28,0.01,0,0.05,0,0,0.01
2018-04,5.52,71.87,9.49,3.18,3.51,4.71,0.62,0.37,0.52,0.08,0,0.13,0,0,0
2018-05,2.88,78.14,4.12,3.53,7.02,2.95,0.55,0.18,0.31,0.2,0,0.14,0,0,0
2018-06,4.67,79.98,4.62,2.05,4.73,1.86,0.89,0.49,0.51,0.07,0,0.12,0,0.02,0
2018-07,15.88,35.57,19.89,7.2,15.71,2.87,0.32,0.96,0.99,0.23,0,0.38,0,0,0
2018-08,57.89,25.06,5.33,3.41,5.17,1.53,0,0.33,0.44,0.73,0,0.07,0,0.02,0.01
2018-09,31.68,63.9,1.44,0.83,1.35,0.55,0,0.09,0.06,0.05,0,0.04,0,0,0.01
2018-10,39.5,30.35,8.18,4.35,8.47,7.51,0,0.49,0.67,0.11,0,0.22,0,0,0.15
2018-11,4.9,19.34,1.28,0.59,71.36,1.24,0,1.18,0.04,0.01,0,0.03,0,0,0.02
2018-12,8.38,69.23,4.96,2.85,7.45,6.16,0,0.48,0.23,0.06,0,0.16,0,0.03,0
2019-01,6.51,78.44,1.67,1.38,7.32,4.19,0,0.15,0.21,0.1,0,0.01,0,0,0.02
2019-02,13.83,48.54,10.31,4.03,15.31,6.95,0,0.33,0.47,0.08,0,0.1,0,0,0.03
2019-03,12.31,60.5,3.5,2.89,12.54,6.95,0,0.38,0.71,0.05,0,0.07,0,0.08,0.03
2019-04,1.73,90.36,1.36,1.1,3.19,1.64,0,0.59,0.01,0.01,0,0.01,0,0,0
2019-05,10.27,47.26,3.65,11.02,17.77,6.52,0,3.31,0,0.14,0,0.01,0,0.03,0.01
2019-06,9.05,52.3,2.89,12,15.91,4.89,0,2.82,0.04,0.07,0,0.03,0,0.02,0
2019-07,9.69,28.08,3.55,31.34,17.67,7.11,0.01,2.19,0,0.12,0,0.06,0,0.15,0.02
2019-08,5.5,84.48,1.94,0.88,3.36,3.44,0,0.31,0,0.07,0,0.01,0,0,0
2019-09,6.52,80.55,1.43,1.58,5.38,2.87,0,1.6,0,0.04,0,0.01,0,0.02,0.01
2019-10,25.84,12.78,3.31,2.77,33.91,5.53,0,15.52,0.03,0.17,0,0.08,0,0.06,0.01
2019-11,11.24,19.91,3.49,3.21,37.74,4.51,0,19.77,0,0.02,0,0.11,0,0,0.01
2019-12,10.52,19.26,2.86,2.75,41.32,4.18,0,18.95,0.01,0.09,0,0.05,0.01,0,0
2020-01,12.07,19.43,2.34,2.07,43.06,3.82,0,17.07,0.01,0.04,0,0.04,0,0.04,0
2020-02,13.14,11.9,1.83,9.45,43.6,2.97,0,16.96,0.01,0.1,0,0.03,0.01,0.01,0
2020-03,6.7,7.45,1.5,22.58,40.22,3.92,0,17.44,0,0.11,0,0.08,0,0,0.02
2020-04,8.24,9.12,1.91,22.79,34.08,3.83,0,19.86,0,0.12,0,0.04,0,0.02,0
2020-05,25.99,29.81,7.86,6,16.15,11.9,0,1.76,0,0.17,0,0.23,0,0.13,0
2020-06,27.45,29.69,9.46,4.35,10.64,16.17,0,1.6,0,0.3,0,0.3,0,0.04,0
2020-07,29.66,28.17,6.56,5.69,11.84,15.54,0,1.66,0,0.25,0,0.12,0,0.5,0
2020-08,25.46,35.69,5.05,5.43,11.32,14.9,0,1.89,0,0.08,0,0.08,0,0.04,0.04
2020-09,25.07,33.25,6.85,5.47,9.7,15.22,0,3.99,0,0.25,0,0.15,0,0,0.05
2020-10,9.12,73.46,1.9,1.36,5.28,7.08,0,1.65,0,0.01,0,0.06,0,0.03,0.04
2020-11,23.85,27.19,5.43,2.75,19.6,18.65,0,1.93,0,0.24,0,0.24,0,0.12,0
2020-12,31.46,18.77,3.94,5.89,21.2,15.83,0,2,0,0.05,0,0.29,0,0.24,0.33
2021-01,20.29,35.95,2.49,5.32,15.17,18.2,0,1.46,0,0,0,0.2,0,0.34,0.59
2021-02,23.43,35.38,5.92,3.22,10.86,18.55,0,1.9,0,0.52,0,0.23,0,0,0
2021-03,30.71,39.24,1.94,2.51,9.95,13.6,0,1.42,0,0.47,0,0,0,0,0.14
2021-04,22.75,45.24,2.09,4.01,10.71,13.38,0,1.71,0,0,0,0.11,0,0,0
2021-05,8.47,78.1,1.01,2.32,3.78,4.89,0,1.33,0,0.1,0,0,0,0,0
2021-06,11.16,67.25,4.93,2.91,4.85,6.63,0,1.78,0,0.24,0,0.12,0,0.12,0
2021-07,25.82,37.16,5.53,4.17,9.97,12.64,0.07,3.01,0,0.55,0,0.27,0,0.82,0
2021-08,25.71,30.51,8.35,14.17,9.61,8.41,0,2.76,0,0.06,0,0.24,0.06,0.06,0.06
2021-09,26.59,41.34,2.83,7.51,10.25,7.86,0,2.65,0,0,0,0.97,0,0,0
2021-10,21.14,14.34,1.05,2.69,53.62,4.71,0,1.94,0,0.07,0,0,0,0.45,0
2021-11,21.71,24.01,12.09,3.35,32.39,3.09,0,2.12,0,1.15,0,0,0,0.09,0
2021-12,35.69,38.15,1.88,2.6,12.72,4.19,0,1.45,0,2.02,0,0,0,0.14,1.16
2022-01,45.23,19.09,6.59,3.41,18.86,2.05,0,2.95,0,0,0,0.45,0,0.68,0.68
2009-03,0,0,0,0,0,0,0,0,0,0,0,0,0,0,0
2009-04,0,0,0,0,0,0,0,0,0,0,0,0,0,0,0
2009-05,0,0,0,0,0,0,0,0,0,0,0,0,0,0,0
2009-06,0,0,0,0,0,0,0,0,0,0,0,0,0,0,0
2009-07,0,0,0,0,0,0,0,0,0,0,0,0,0,0,0
2009-08,0,0,0,0,0,0,0,0,0,0,0,0,0,0,0
2009-09,0,0,0,0,0,0,0,0,0,0,0,0,0,0,0
2009-10,0,0,0,0,0,0,0,0,0,0,0,0,0,0,0
2009-11,0,0,0,0,0,0,0,0,0,0,0,0,0,0,0
2009-12,0,0,0,0,0,0,0,0,0,0,0,0,0,0,0
2010-01,0,0,0,0,0,0,0,0,0,0,0,0,0,0,0
2010-02,0,0,0,0,0,0,0,0,0,0,0,0,0,0,0
2010-03,0,0,0,0,0,0,0,0,0,0,0,0,0,0,0
2010-04,0,0,0,0,0,0,0,0,0,0,0,0,0,0,0
2010-05,0,0,0,0,0,0,0,0,0,0,0,0,0,0,0
2010-06,0,0,0,0,0,0,0,0,0,0,0,0,0,0,0
2010-07,0,0,0,0,0,0,0,0,0,0,0,0,0,0,0
2010-08,0,0,0,0,0,0,0,0,0,0,0,0,0,0,0
2010-09,0,0,0,0,0,0,0,0,0,0,0,0,0,0,0
2010-10,0,0,0,0,0,0,0,0,0,0,0,0,0,0,0
2010-11,0,0,0,0,0,0,0,0,0,0,0,0,0,0,0
2010-12,0,0,0,0,0,0,0,0,0,0,0,0,0,0,0
2011-01,0,0,0,0,0,0,0,0,0,0,0,0,0,0,0
2011-02,0,0,0,0,0,0,0,0,0,0,0,0,0,0,0
2011-03,0,0,0,0,0,0,0,0,0,0,0,0,0,0,0
2011-04,0,0,0,0,0,0,0,0,0,0,0,0,0,0,0
2011-05,0,0,0,0,0,0,0,0,0,0,0,0,0,0,0
2011-06,0,0,0,0,0,0,0,0,0,0,0,0,0,0,0
2011-07,0,0,0,0,0,0,0,0,0,0,0,0,0,0,0
2011-08,0,0,0,0,0,0,0,0,0,0,0,0,0,0,0
2011-09,0,0,0,0,0,0,0,0,0,0,0,0,0,0,0
2011-10,0,0,0,0,0,0,0,0,0,0,0,0,0,0,0
2011-11,0,0,0,0,0,0,0,0,0,0,0,0,0,0,0
2011-12,0,0,0,0,0,0,0,0,0,0,0,0,0,0,0
2012-01,0,0,0,0,0,0,0,0,0,0,0,0,0,0,0
2012-02,0,0,0,0,0,0,0,0,0,0,0,0,0,0,0
2012-03,0,0,0,0,0,0,0,0,0,0,0,0,0,0,0
2012-04,0,0,0,0,0,0,0,0,0,0,0,0,0,0,0
2012-05,0,0,0,0,0,0,0,0,0,0,0,0,0,0,0
2012-06,0,0,0,0,0,0,0,0,0,0,0,0,0,0,0
2012-07,0,0,0,0,0,0,0,0,0,0,0,0,0,0,0