"Date","Facebook","StumbleUpon","Pinterest","Twitter","reddit","Tumblr","YouTube","Digg","LinkedIn","Fark","MySpace","Google+","NowPublic","Instagram","news.ycombinator.com","Delicious","VKontakte","Vimeo","orkut","Other"
2010-01,48.03,30.33,0,5.86,5.75,0,4.83,2.9,0.25,0.37,0.6,0,0.08,0,0.08,0.24,0,0.02,0.21,0.43
2010-02,40.42,33.79,0,7.59,5.27,0,5.05,3.3,0.31,0.47,1.18,0,1.55,0,0.16,0.28,0,0.03,0.18,0.43
2010-03,30.79,41.43,0,8.59,6.31,0,4.43,2.14,0.35,0.56,2.91,0,1.41,0,0.16,0.35,0,0.06,0.17,0.33
2010-04,34.86,38.2,0,7.3,5.49,0,3.15,2.05,0.29,0.57,6.2,0,0.97,0,0.14,0.3,0,0.03,0.13,0.32
2010-05,39.24,35.63,0,6.75,5.92,0,3.48,1.86,0.26,0.55,4.61,0,0.88,0,0.15,0.26,0,0.03,0.13,0.25
2010-06,46.75,29.73,0,5.3,4.6,0,3.62,3.29,0.22,0.46,4.62,0,0.62,0,0.15,0.21,0,0.12,0.09,0.22
2010-07,46.83,28.78,0,5.64,4.71,0,4.36,3.48,0.23,0.55,3.78,0,0.55,0,0.12,0.22,0,0.42,0.09,0.24
2010-08,51.64,27.38,0,5.52,4.7,0,4.33,2.87,0.24,0.46,1.7,0,0.46,0,0.07,0.22,0,0.11,0.09,0.2
2010-09,44.63,32.4,0,6.38,6.09,0,5.58,1.94,0.3,0.44,0.86,0,0.55,0,0.11,0.25,0,0.04,0.11,0.33
2010-10,43.07,35,0,6.23,5.57,0,5.63,1.67,0.26,0.59,0.82,0,0.52,0,0.09,0.24,0,0.03,0.08,0.21
2010-11,41.3,37.72,0,5.99,6.07,0,5.28,1.26,0.25,0.54,0.42,0,0.54,0,0.1,0.23,0,0.03,0.07,0.18
2010-12,44.35,35.79,0,5.92,5.65,0,5.63,0.78,0.23,0.45,0.17,0,0.44,0,0.12,0.2,0,0.02,0.07,0.18
2011-01,47.44,34.32,0,5.31,5.3,0,5.2,0.75,0.27,0.43,0.11,0,0.38,0,0.1,0.16,0,0.02,0.05,0.15
2011-02,42.6,39.57,0,5.7,4.86,0,4.83,0.76,0.27,0.53,0.09,0,0.32,0,0.11,0.15,0,0.02,0.03,0.13
2011-03,63.56,25.98,0,3.35,3.2,0,2.62,0.42,0.16,0.24,0.05,0,0.17,0,0.06,0.09,0,0.01,0.02,0.08
2011-04,68.69,24.04,0,2.24,1.94,0,2.08,0.37,0.13,0.16,0.03,0,0.14,0,0.05,0.06,0,0.01,0.01,0.04
2011-05,50.85,37.74,0,3.31,3.51,0,3.19,0.52,0.23,0.18,0.04,0,0.19,0,0.08,0.09,0,0.01,0.01,0.04
2011-06,47.13,39.85,0,3.77,3.86,0,3.67,0.71,0.32,0.22,0.06,0,0.16,0,0.1,0.09,0,0.01,0.01,0.04
2011-07,39.32,47.11,0,3.61,4.26,0,3.74,0.42,0.36,0.42,0.03,0.32,0.17,0,0.08,0.09,0,0.01,0.02,0.04
2011-08,38.8,50.07,0,2.54,3.67,0,3.28,0.53,0.28,0.2,0.03,0.18,0.2,0,0.08,0.08,0,0.02,0.01,0.02
2011-09,35.99,50.62,0,3.92,4.85,0,3.1,0.34,0.27,0.27,0.07,0.11,0.29,0,0.05,0.07,0,0.01,0.01,0.03
2011-10,33.4,52.64,0,4.07,5.3,0,3.06,0.43,0.29,0.27,0.06,0.07,0.19,0,0.1,0.05,0,0.02,0.01,0.03
2011-11,35.91,50.07,0,4.49,4.52,0,3.69,0.44,0.23,0.19,0.04,0.07,0.15,0,0.07,0.06,0,0.02,0.01,0.04
2011-12,44.14,37.14,0,4.56,5.38,0,7.41,0.4,0.24,0.21,0.04,0.01,0.25,0,0.11,0.05,0,0.02,0.01,0.03
2012-01,48.1,31.93,0,5.2,6.45,0,6.85,0.39,0.39,0.3,0.02,0,0.16,0,0.1,0.06,0,0.03,0.01,0.03
2012-02,47.74,30.65,0,5.49,7.37,0,7.24,0.25,0.49,0.3,0.02,0,0.2,0,0.13,0.06,0,0.02,0,0.04
2012-03,48.78,23.09,7.51,5.35,6.44,0,7.36,0.39,0.36,0.27,0.02,0,0.17,0,0.12,0.05,0,0.03,0,0.05
2012-04,50.44,19.68,12.22,5.1,4.69,0,6.51,0.33,0.35,0.2,0.02,0,0.24,0,0.11,0.04,0,0.03,0,0.04
2012-05,48.86,17.58,11.67,4.67,6.21,0,9.87,0.23,0.36,0.19,0.01,0,0.17,0,0.08,0.04,0,0.02,0,0.04
2012-06,44.4,15.26,14.42,4.46,5.39,0,14.99,0.11,0.33,0.23,0.01,0,0.18,0,0.11,0.03,0,0.04,0,0.04
2012-07,46.11,14.57,16.4,4.32,5.09,0,12.39,0.18,0.3,0.22,0.01,0,0.2,0,0.1,0.03,0,0.05,0,0.03
2012-08,48.17,14.68,15.1,4.46,5.37,0,11.26,0.07,0.3,0.17,0.01,0,0.19,0,0.12,0.03,0,0.02,0,0.03
2012-09,47.96,14.52,15.58,4.09,7.07,0,9.85,0.06,0.33,0.23,0.01,0,0.14,0,0.07,0.03,0,0.02,0,0.04
2012-10,47.29,14.32,16.68,4.48,7.53,0,8.73,0.09,0.32,0.22,0.01,0,0.14,0,0.08,0.03,0,0.03,0,0.03
2012-11,50.71,12.48,17.21,4.17,7.29,0,7.04,0.07,0.29,0.33,0.01,0,0.16,0,0.11,0.03,0,0.04,0,0.03
2012-12,53.47,12.7,18.2,4.48,6.72,0,3.49,0.06,0.29,0.25,0.01,0,0.12,0,0.12,0.03,0.01,0.02,0,0.03
2013-01,53.15,11.38,20.46,4.6,6.59,0,2.8,0.07,0.32,0.3,0.01,0.01,0.12,0,0.12,0.01,0,0.02,0,0.04
2013-02,54.09,10.71,19.55,4.91,6.4,0,3.24,0.05,0.34,0.2,0.01,0.24,0.11,0,0.1,0,0.01,0.02,0,0.03
2013-03,51.7,10.44,19.37,6.86,7.07,0,3.36,0.07,0.35,0.27,0.01,0.32,0.08,0,0.04,0,0,0.02,0,0.04
2013-04,55.97,11.06,16.05,6.33,6.91,0,2.35,0.14,0.34,0.35,0.02,0.33,0.07,0,0,0.01,0,0.03,0,0.03
2013-05,57.04,11.16,13.9,5.59,8.08,0,3.04,0.06,0.38,0.32,0.02,0.25,0.07,0,0,0.01,0.01,0.03,0.01,0.04
2013-06,57.38,10.29,13.82,6.28,7.58,0,3.41,0.1,0.35,0.34,0.01,0.26,0.09,0,0,0,0.02,0.03,0.01,0.03
2013-07,54.45,10.99,14.78,8.02,7.26,0,3.17,0.13,0.4,0.32,0,0.31,0.11,0,0,0.01,0.01,0.02,0,0.03
2013-08,52.01,11.38,15.89,8.96,7.51,0,2.77,0.21,0.45,0.31,0.01,0.31,0.09,0,0,0.01,0.01,0.03,0,0.04
2013-09,50.33,11.15,15.93,10.36,8.48,0,2.45,0.11,0.39,0.29,0,0.33,0.07,0,0,0.02,0.01,0.03,0,0.05
2013-10,54.68,9.88,12.25,10.43,6.53,3,2.16,0.1,0.3,0.26,0.01,0.27,0.05,0,0,0.01,0.01,0.04,0,0.02
2013-11,49.62,8.28,10.63,5.82,4.48,18.81,1.58,0.07,0.19,0.24,0,0.22,0,0,0,0,0.01,0.04,0,0.02
2013-12,46.75,7.68,10.91,5.58,4.75,21.9,1.63,0.08,0.2,0.2,0,0.23,0,0,0,0.01,0.01,0.02,0,0.05
2014-01,50.67,6.97,11.49,4.52,4.92,19.27,1.43,0.07,0.22,0.12,0,0.24,0,0,0,0.01,0,0.02,0,0.02
2014-02,45.58,7.38,13.08,4.55,6.59,20.44,1.63,0.07,0.22,0.14,0,0.25,0,0,0,0,0,0.02,0,0.03
2014-03,45.18,6.55,13.06,5.12,5.78,22.15,1.38,0.08,0.19,0.16,0,0.27,0,0,0,0,0.01,0.02,0.01,0.03
2014-04,46.77,6.78,13.16,4.69,4.97,22.08,0.75,0.08,0.23,0.13,0,0.27,0,0,0.01,0,0.02,0.02,0,0.03
2014-05,45.35,7.41,13.85,5.03,5.76,20.57,1.32,0.09,0.16,0.13,0,0.26,0,0,0,0,0.03,0.02,0,0.02
2014-06,46.42,6.52,13.6,7.5,5.64,18.86,0.79,0.06,0.06,0.14,0,0.26,0,0,0,0.08,0.02,0.02,0,0.02
2014-07,49.97,5.99,14.84,8.46,6.33,12.33,1.24,0.06,0.16,0.16,0,0.34,0,0,0.06,0,0.02,0.02,0,0.02
2014-08,54.21,5.99,15.7,7.03,7.92,7.78,0.53,0.06,0.17,0.14,0,0.33,0,0,0.04,0.02,0.04,0.02,0,0.02
2014-09,55.62,4.56,14.76,8.34,8.7,6.42,0.86,0.04,0.19,0.1,0.01,0.28,0,0,0.06,0.01,0.04,0.02,0,0.02
2014-10,57.04,4.51,16.39,6.98,5.87,7.23,0.94,0.08,0.21,0.1,0.01,0.3,0,0,0.04,0,0.26,0.02,0,0.02
2014-11,58.12,4.75,17.17,5.91,6.29,6.6,0.45,0.03,0.17,0.08,0,0.3,0,0,0.06,0,0.04,0.01,0,0.02
2014-12,57.27,4.48,17.05,7.13,6.3,6.84,0.19,0.05,0.16,0.09,0,0.3,0,0,0.06,0.02,0.02,0.01,0,0.01
2015-01,59.7,4.84,16.64,5.15,5.91,6.81,0.08,0.1,0.16,0.13,0,0.3,0,0,0.09,0.01,0.05,0.02,0,0.01
2015-02,62.71,5.45,11.59,5.37,7,6.86,0.1,0.09,0.23,0.15,0,0.31,0,0,0.07,0.01,0.04,0.01,0,0.01
2015-03,62.13,4.13,11.04,4.63,7.38,9.95,0.11,0.04,0.13,0.11,0,0.29,0,0,0.03,0,0.03,0,0,0.01
2015-04,65.49,4.33,11.54,5.45,5.75,6.51,0.15,0.04,0.16,0.13,0,0.28,0,0,0.1,0,0.06,0,0,0.01
2015-05,64.61,3.49,13.66,5.14,5.84,6.28,0.18,0.04,0.17,0.08,0,0.39,0,0,0.09,0,0.02,0,0,0.01
2015-06,65.19,3.67,12.17,5.04,5.95,7.04,0.2,0.04,0.14,0.17,0,0.32,0,0,0.05,0,0.01,0,0,0.01
2015-07,63.74,3.59,12.17,5.35,6.67,7.53,0.24,0.04,0.18,0.08,0,0.3,0,0,0.1,0,0.02,0,0,0.01
2015-08,60.86,3.18,14.59,6.59,6.27,7.33,0.33,0.04,0.27,0.08,0,0.38,0,0,0.05,0,0.02,0,0,0.01
2015-09,61.54,3.33,13.55,6.69,6.76,6.81,0.29,0.03,0.3,0.08,0.02,0.46,0,0,0.04,0,0.05,0,0,0.05
2015-10,60.99,3.19,13.93,6.53,6.49,7.46,0.19,0.03,0.37,0.1,0.09,0.33,0,0,0.06,0.01,0.02,0,0,0.21
2015-11,61.79,2.9,15.16,6.24,6.44,6.32,0.37,0.03,0.22,0.06,0.03,0.33,0,0,0.04,0,0.01,0,0,0.08
2015-12,60.85,2.65,14.56,8.54,5.63,6.31,0.61,0.03,0.22,0.08,0.02,0.33,0,0,0.08,0,0.02,0,0,0.05
2016-01,63.55,2.48,14.1,7.62,4.76,5.81,0.81,0.04,0.27,0.08,0,0.4,0,0,0.04,0,0.03,0,0,0.02
2016-02,62.45,2.29,14.15,9.8,4.35,5.36,0.59,0.03,0.4,0.19,0,0.3,0,0,0.05,0,0.03,0,0,0.01
2016-03,60.16,2.43,14.66,8.89,5.22,6.4,0.87,0.05,0.55,0.31,0,0.36,0,0,0.04,0.01,0.05,0,0,0.01
2016-04,60.64,2.02,13.5,9.43,5.8,6.29,0.98,0.04,0.52,0.22,0,0.39,0,0,0.09,0.01,0.06,0,0,0.01
2016-05,62.3,2.03,12.73,8.86,5.35,6.54,0.89,0.04,0.51,0.24,0,0.38,0,0,0.07,0,0.05,0,0,0.01
2016-06,61.77,1.85,12.72,8.71,5.53,6.88,1.04,0.04,0.53,0.43,0,0.4,0,0,0.05,0.02,0.02,0,0,0.01
2016-07,62.49,2.1,12.38,8.7,4.94,7.08,0.79,0.05,0.54,0.58,0,0.28,0,0,0.06,0,0.02,0,0,0.01
2016-08,63.12,1.83,12.85,8.94,4.48,6.45,0.57,0.05,0.47,0.67,0,0.29,0,0,0.06,0,0.2,0,0,0.01
2016-09,62.95,1.83,13.39,9.17,4.75,6.15,0.32,0.06,0.47,0.51,0,0.28,0,0,0.04,0,0.07,0,0,0.01
2016-10,60.27,2,15.87,7.75,5.25,6.59,0.36,0.05,0.51,0.94,0,0.24,0,0.03,0.05,0,0.08,0,0,0.01
2016-11,62.91,2.01,15.08,6.91,4.27,6.26,0.42,0.05,0.72,0.75,0,0.23,0,0.18,0.07,0,0.15,0,0,0.01
2016-12,56.5,2.15,17.78,8.78,4.32,7.83,0.66,0.04,0.76,0.53,0,0.3,0,0.23,0.07,0,0.04,0,0,0.01
2017-01,59.93,1.85,16.07,8.22,4.45,6.97,0.62,0.04,0.64,0.31,0,0.28,0,0.46,0.07,0,0.05,0.02,0,0
2017-02,63.21,1.64,14.72,7.72,4.41,6.24,0.44,0.03,0.42,0.47,0,0.25,0,0.27,0.07,0,0.04,0.08,0,0
2017-03,68.24,1.41,12.63,6.64,4.33,4.95,0.3,0.04,0.39,0.46,0,0.23,0,0.22,0.06,0,0.06,0.03,0,0
2017-04,57.94,1.75,17.92,9.36,4.07,5.97,1.03,0.03,0.5,0.51,0.01,0.36,0,0.33,0.1,0,0.11,0.01,0,0.01
2017-05,61.17,1.62,16.58,8.91,3.99,4.6,1.28,0.05,0.49,0.54,0,0.26,0,0.31,0.06,0,0.11,0.01,0,0.01
2017-06,74.63,0.95,9.91,5.83,2.48,3.41,1.5,0.02,0.45,0.34,0,0.19,0,0.2,0.05,0,0.03,0,0,0
2017-07,74.8,0.96,9.22,6.66,2.24,3.33,1.6,0.03,0.38,0.32,0,0.15,0,0.18,0.05,0,0.09,0,0,0
2017-08,74.96,0.96,9.9,5.41,2.89,2.75,1.73,0.02,0.4,0.3,0,0.29,0,0.17,0.04,0,0.17,0,0,0
2017-09,77.35,0.79,8.93,4.62,3.56,2.28,1.38,0.02,0.39,0.07,0,0.29,0,0.2,0.04,0,0.07,0.01,0,0
2017-10,85.15,0.5,6.27,2.81,2.34,1.42,0.89,0.01,0.19,0.04,0,0.2,0,0.1,0.04,0,0.04,0,0,0
2017-11,84.55,0.57,6.59,2.99,1.84,1.52,1.24,0.01,0.27,0.02,0,0.12,0,0.17,0.03,0,0.07,0,0,0
2017-12,87.84,0.35,4.83,2.56,1.32,1.14,1.19,0.01,0.17,0.03,0,0.08,0,0.11,0.02,0,0.34,0,0,0.01
2018-01,90.31,0.32,3.98,2.13,0.94,0.99,0.8,0.01,0.13,0.06,0,0.06,0,0.12,0.02,0,0.12,0,0,0.01
2018-02,91.65,0.26,3.72,1.81,0.72,0.84,0.6,0.01,0.13,0.02,0,0.04,0,0.17,0.01,0,0.02,0,0,0
2018-03,80.05,0.61,8.64,3.89,1.82,2.22,1.74,0.01,0.39,0.05,0,0.15,0,0.35,0.05,0,0.02,0,0,0
2018-04,44.79,1.31,23.22,10.92,5.06,4.91,6.25,0.01,0.94,0.11,0,1.04,0,1.05,0.08,0,0.3,0,0,0
2018-05,44.14,1.44,27.14,10.15,3.97,5.49,4.85,0.01,0.8,0.13,0.01,0.37,0,0.9,0.12,0,0.47,0,0,0.01
2018-06,47.07,1.39,24.79,10.88,3.68,5.78,4.13,0.01,0.86,0.14,0.01,0.51,0,0.53,0.05,0,0.13,0,0,0.01
2018-07,43.41,0.43,37.11,9.57,1.7,3.61,2.51,0.01,0.61,0.11,0,0.31,0,0.42,0.04,0,0.13,0,0,0
2018-08,66.85,0.01,16.35,7.64,1.6,3.69,2.55,0.02,0.52,0.09,0.01,0.19,0,0.39,0.06,0,0.04,0,0,0
2018-09,58.58,0.01,14.45,18.06,1.49,4.18,2.22,0.01,0.4,0.07,0,0.16,0,0.31,0.02,0,0.03,0,0,0
2018-10,54.02,0.03,15.15,21.4,1.32,4.66,2.35,0.01,0.35,0.1,0,0.21,0,0.31,0.05,0,0.04,0,0,0
2018-11,57.76,0.01,20.83,9.26,2.01,5.28,3.43,0.02,0.51,0.08,0,0.35,0,0.33,0.06,0,0.05,0,0,0
2018-12,47.3,0,34.03,9.21,3.95,3.06,1.72,0,0.24,0.08,0,0.11,0,0.23,0.02,0,0.04,0,0,0
2019-01,42.56,0,26.62,13.79,11.76,2.57,1.79,0,0.31,0.05,0,0.14,0,0.33,0.04,0,0.04,0,0,0.01
2019-02,52.53,0,17.39,6.18,17.87,2.77,1.95,0,0.39,0.14,0,0.19,0,0.43,0.12,0,0.03,0,0,0
2019-03,43.26,0.01,33.73,8.82,6.76,3.63,2.5,0,0.4,0.13,0,0.19,0,0.44,0.05,0,0.06,0.02,0,0
2019-04,42.17,0.02,29.84,10.57,7.93,4.29,3.28,0.01,0.52,0.21,0,0.1,0,0.71,0.19,0,0.06,0.08,0,0
2019-05,31.81,0.01,15.94,7.55,39.3,2.62,1.8,0,0.3,0.12,0,0,0,0.46,0.03,0,0.03,0.02,0,0
2019-06,55.09,0.01,22.37,13.56,1.19,3.63,2.48,0.02,0.39,0.18,0,0.01,0,0.95,0.06,0,0.04,0.03,0,0
2019-07,56.42,0.01,22.73,10.78,1.62,3.89,2.96,0.02,0.41,0.1,0,0,0,0.93,0.04,0,0.05,0.02,0,0.01
2019-08,56.42,0.01,23.39,9.99,2.47,3.6,2.5,0.02,0.41,0.16,0,0.01,0,0.91,0.04,0,0.06,0.03,0,0
2019-09,56.05,0.01,24.18,10.08,1.39,3.61,2.46,0,0.72,0.09,0,0,0,1.18,0.12,0,0.09,0.01,0,0
2019-10,50.49,0.01,26.08,13.2,1.42,3.27,2.6,0,0.82,0.11,0,0.02,0,1.75,0.15,0,0.05,0.03,0,0
2019-11,47.99,0.01,27.87,14.29,1.34,3.02,2.68,0.01,0.59,0.12,0,0.01,0,1.48,0.07,0,0.49,0.03,0,0
2019-12,49.99,0.01,25.9,15.27,1.3,2.83,2.42,0.01,0.33,0.06,0,0,0,1.62,0.07,0,0.14,0.02,0,0
2020-01,30.04,0.01,36.28,22.63,1.38,3.72,3.06,0.02,0.55,0.08,0,0.05,0,2.05,0.1,0,0.03,0.01,0,0
2020-02,36.27,0.01,32.24,21.53,1.18,3.27,3.04,0.04,0.43,0.1,0,0,0,1.82,0.04,0,0.03,0,0,0
2020-03,32.69,0.01,31.63,24.05,1.21,3.63,3.65,0,0.58,0.17,0,0,0,2.26,0.07,0,0.03,0.02,0,0
2020-04,30.84,0,34,21.88,2.09,3.6,4.31,0,0.53,0.1,0,0,0,2.48,0.09,0,0.02,0.06,0,0
2020-05,32.86,0,40.36,13.73,3.21,4.19,4.16,0,0.71,0.17,0,0,0,0.46,0.1,0,0.02,0.02,0,0
2020-06,42.42,0,32.24,14.38,2.75,3.55,3.34,0,0.66,0.12,0,0.02,0,0.43,0.06,0,0.02,0,0,0
2020-07,40.73,0,32.15,15.8,2.83,3.23,3.66,0,0.8,0.11,0,0.03,0,0.48,0.12,0,0.03,0,0,0.01
2020-08,39.81,0,32.17,16.66,2.52,3.08,3.94,0,0.95,0.15,0,0.01,0,0.59,0.07,0,0.02,0,0,0.01
2020-09,38.65,0.01,31.56,18.13,2.5,3.13,4.08,0,0.92,0.16,0,0.01,0,0.65,0.16,0,0.02,0,0,0.01
2020-10,34.56,0,33.11,21.12,2.71,2.81,3.83,0,0.94,0.15,0,0,0,0.62,0.11,0,0.02,0,0,0
2020-11,29.14,0.01,33.11,27.21,2.2,2.82,3.56,0,0.93,0.16,0,0.01,0,0.7,0.14,0,0.01,0,0,0
2020-12,32.57,0.02,35.99,21.77,2.21,2.42,3.01,0,0.94,0.23,0,0,0,0.65,0.17,0,0.01,0,0,0.01
2021-01,30.71,0.02,38.16,19.36,3.19,2.8,3.6,0,1.15,0.15,0,0,0,0.74,0.08,0,0.01,0,0,0.01
2021-02,36.92,0.02,30.56,17.15,3.51,2.87,4.5,0,2.36,0.29,0,0,0,1.6,0.2,0,0.02,0,0,0.01
2021-03,34.74,0.03,34.4,17.01,3.67,2.82,4.73,0,1.15,0.25,0,0,0,1.02,0.14,0,0.02,0,0,0.02
2021-04,36.41,0.02,31.81,17.21,3.63,2.71,4.78,0,1.37,0.29,0,0,0,1.51,0.22,0,0.02,0,0,0.01
2021-05,36.93,0.02,29.96,18.3,4.24,2.5,5.17,0,1.27,0.31,0,0,0,1.08,0.19,0,0.02,0,0,0.02
2021-06,37.32,0.02,26.94,19.96,3.66,2.53,5.44,0,1.25,0.39,0,0,0,2.41,0.05,0,0.02,0.01,0,0.01
2021-07,42.55,0.03,25.57,17.19,4.24,2.84,4.76,0,1.23,0.27,0,0,0,1.1,0.18,0,0.02,0.01,0,0.01
2021-08,43.53,0.03,25.26,17.77,3.48,2.53,4.36,0.01,1.24,0.53,0,0,0,1.16,0.05,0,0.02,0.01,0,0.02
2021-09,43.02,0.05,27.1,16.49,3.49,2.21,4.24,0,1.48,0.28,0,0,0,1.42,0.09,0,0.04,0.08,0,0.03
2021-10,44.1,0.03,26.72,15.72,3.63,2.09,4.42,0,1.18,0.33,0,0,0,1.52,0.12,0,0.06,0.05,0,0.02
2021-11,40.15,0.03,28.03,17.03,4.13,2.13,5.1,0.01,1.06,0.34,0,0,0,1.51,0.31,0,0.06,0.11,0,0.01
2021-12,38.19,0.04,29.21,17.63,4.69,2.3,5.02,0.01,1.04,0.27,0,0,0,1.34,0.09,0,0.06,0.09,0,0.03
